Method,GUID,Leaky,Random,Re-use,Sync,Cache,Format,Ops/sec,Deviation,Mean,MOE,RME,Samples,SEM,Variance
uuid/v1,Y,Y,N,N,Y,,uuid,1372702.000334888,3.6749865450208925e-8,7.284902329537201e-7,7.678395687157703e-9,1.0540149119124156,88,3.91754881997842e-9,1.3505526106084598e-15
uuid/v1,Y,Y,N,N,Y,,hex,662304.8196239287,8.28087745045432e-8,0.0000015098787905058914,1.6830265015963e-8,1.1146765635620293,93,8.586869906103571e-9,6.8572931349442844e-15
uuid/v1,Y,Y,N,Y,Y,,hex,836166.3379721771,2.133526277290266e-8,0.0000011959342951130309,4.2458847387626175e-9,0.35502658934630915,97,2.1662677238584782e-9,4.551934375888061e-16
uuid/v1,Y,Y,N,N,Y,,buffer,814986.3321731573,5.6993918983642965e-8,0.0000012270144424796728,1.1841032925999492e-8,0.9650279993501913,89,6.041343329591578e-9,3.2483068011140577e-15
uuid/v1,Y,Y,N,Y,Y,,buffer,840704.625424535,4.502288575755251e-8,0.0000011894784086563396,9.053731202587768e-9,0.7611513699365975,95,4.619250613565188e-9,2.027060241937625e-15
uuid/v4,Y,N,Y,N,Y,,uuid,339814.47621700517,9.547734948475587e-8,0.000002942782223796143,1.940505827389099e-8,0.659411971330273,93,9.900539935658669e-9,9.11592426463421e-15
uuid/v4,Y,N,Y,N,Y,,hex,364036.2924086819,1.7122530235987405e-7,0.000002746978861320122,3.598026741651683e-8,1.3098123150181689,87,1.835727929414124e-8,2.931810416823029e-14
uuid/v4,Y,N,Y,Y,Y,,hex,438360.0926206148,7.787990404499479e-8,0.0000022812295572386073,1.582850890304045e-8,0.6938586628783038,93,8.075769848490026e-9,6.065279454057595e-15
uuid/v4,Y,N,Y,N,Y,,buffer,457314.612628368,1.1691399867694768e-7,0.000002186678431840619,2.376189713689123e-8,1.086666278447254,93,1.2123416906577159e-8,1.3668883086633322e-14
uuid/v4,Y,N,Y,Y,Y,,buffer,467539.46109293203,1.495585889806562e-7,0.000002138856894907597,3.039666633177658e-8,1.4211640995780495,93,1.5508503230498256e-8,2.2367771537884853e-14
fast-uuid,Y,Y,Y,N,Y,,uuid,904605.4308587289,6.236262869743215e-8,0.0000011054543405191747,1.2956433825336765e-8,1.1720460402961372,89,6.6104254210901866e-9,3.889097458053787e-15
uuid-random,Y,N,Y,N,Y,512,uuid,1649471.9165427622,1.4630826566180942e-8,6.0625463820928e-7,3.0061056330549962e-9,0.4958486819885218,91,1.5337273638035695e-9,2.1406108600966603e-16
uuid-random,Y,N,Y,N,Y,512,hex,2012858.8404322935,3.057689027757216e-8,4.968058265751184e-7,6.214524605811285e-9,1.250896079189126,93,3.170675819291472e-9,9.34946219046687e-16
uuid-random,Y,N,Y,N,Y,512,buffer,2579327.8320060126,2.1804611415188347e-8,3.876979062495802e-7,4.581891454236176e-9,1.181820015114187,87,2.3376997215490693e-9,4.75441078967362e-16
sodium-uuid,Y,N,Y,N,Y,,hex,828307.9077407115,6.408416265212519e-8,0.0000012072805180957345,1.3095222193231236e-8,1.0846876096275095,92,6.68123581287308e-9,4.106779902824036e-15
sodium-uuid,Y,N,Y,Y,Y,,hex,897908.3240472228,2.8394760271316237e-8,0.0000011136994426030156,5.6801350460590744e-9,0.5100240539568799,96,2.8980280847240176e-9,8.06262410865519e-16
sodium-uuid,Y,N,Y,N,Y,,buffer,973999.3119519306,2.7628282489848234e-8,0.000001026694770446976,5.555819869016012e-9,0.5411364729750461,95,2.8346019739877612e-9,7.633219933388546e-16
sodium-uuid,Y,N,Y,Y,Y,,buffer,1021474.1953462708,2.549111774687724e-8,9.789772512667428e-7,5.180879318646647e-9,0.529213453320072,93,2.6433057748197176e-9,6.497970839851598e-16
sodium-native,Y,N,Y,N,Y,,hex,783896.520533452,3.504865014250592e-8,0.000001275678579769032,7.1233764040039135e-9,0.5583989977548762,93,3.6343757163285274e-9,1.2284078768117802e-15
sodium-native,Y,N,Y,Y,Y,,hex,971613.9568060265,2.1889488750667083e-8,0.000001029215351421347,4.378809717178021e-9,0.42545126354080154,96,2.2340865903969495e-9,4.791497177655807e-16
sodium-native,Y,N,Y,N,Y,,buffer,802397.5370826032,5.140374952651723e-8,0.0000012462650416847609,1.0864297374418603e-8,0.8717485455366482,86,5.543008864499287e-9,2.6423454653849208e-15
sodium-native,Y,N,Y,Y,Y,,buffer,1035361.1205548205,1.898279668455551e-8,9.658465825567494e-7,3.8375349235168614e-9,0.3973234458580675,94,1.9579259813861537e-9,3.6034656996717166e-16
sodium-native,Y,N,Y,N,Y,256,hex,2123342.3862678627,9.869239588538403e-9,4.70955605872716e-7,2.0167211357931113e-9,0.42821894689117795,92,1.0289393549964854e-9,9.740189005597366e-17
sodium-native,Y,N,Y,Y,Y,256,hex,2161231.035315107,1.1097766113778878e-8,4.6269925966253773e-7,2.255538086363359e-9,0.4874738913583738,93,1.1507847379404893e-9,1.2316041271613873e-16
sodium-native,Y,N,Y,N,Y,256,buffer,3166214.136226693,5.6285962152761935e-9,3.1583460782338016e-7,1.1439701473392457e-9,0.36220544519268527,93,5.836582384383907e-10,3.168109535462149e-17
sodium-native,Y,N,Y,Y,Y,256,buffer,3212093.287892039,4.1804882388828135e-9,3.113234611738994e-7,8.542582144910794e-10,0.2743957076893434,92,4.3584602780157117e-10,1.7476481915437526e-17
sodium-native,Y,N,Y,N,Y,4096,hex,2227454.0809656004,1.1875479808839324e-8,4.4894303705084707e-7,2.4399815408310993e-9,0.5434946840604965,91,1.2448885412403569e-9,1.4102702069015048e-16
sodium-native,Y,N,Y,Y,Y,4096,hex,2245595.3130337065,1.1720054516103237e-8,4.4531621267459863e-7,2.3568063548808345e-9,0.5292433304248457,95,1.2024522218779768e-9,1.3735967786043187e-16
sodium-native,Y,N,Y,N,Y,4096,buffer,3310545.8565972373,9.630960492242911e-9,3.0206498967751967e-7,1.936706767066407e-9,0.6411556563155525,95,9.881156974828608e-10,9.275540000314383e-17
sodium-native,Y,N,Y,Y,Y,4096,buffer,3386521.7939716335,4.785986735031892e-9,2.9528822220489044e-7,9.524489224478203e-10,0.32254890335143416,97,4.859433277795002e-10,2.2905669027901225e-17
sodium-native,Y,N,Y,N,Y,65536,hex,2376924.121694249,3.3095861014868895e-8,4.207117891871153e-7,6.954567539276926e-9,1.653047934005914,87,3.548248744529044e-9,1.0953360163155187e-15
sodium-native,Y,N,Y,Y,Y,65536,hex,2557473.907631698,5.193171472068782e-9,3.910108318274229e-7,1.061194084464412e-9,0.2713976181950842,92,5.414255532981694e-10,2.696902993830904e-17
sodium-native,Y,N,Y,N,Y,65536,buffer,3604542.984553228,7.877098308921095e-9,2.774276806478275e-7,1.6552466236882047e-9,0.5966407605120736,87,8.445135835143902e-10,6.204867776840757e-17
sodium-native,Y,N,Y,Y,Y,65536,buffer,3640686.89603865,2.841332005828702e-9,2.7467344173103094e-7,6.22634328144523e-10,0.2266816639499594,80,3.176705755839403e-10,8.073167567346555e-18
crypto.randomBytes,Y,N,Y,N,N,,hex,83949.06640228392,8.156286206217219e-7,0.000011911984764762006,1.7653938203973445e-7,1.4820316305471835,82,9.00711132855788e-8,6.652500467772927e-13
crypto.randomBytes,Y,N,Y,N,Y,,hex,442478.58798888995,8.448979475747793e-8,0.0000022599963639937954,1.7455772444287215e-8,0.7723805543403581,90,8.90600634912613e-9,7.138525418160746e-15
crypto.randomBytes,Y,N,Y,N,N,,buffer,87390.38904626838,6.846413787990702e-7,0.000011442905918070182,1.4909967804957528e-7,1.3029878871425744,81,7.60712643110078e-8,4.687338175638919e-13
crypto.randomBytes,Y,N,Y,N,Y,,buffer,416478.28853982355,1.2503790821440929e-7,0.000002401085548795373,2.6582040060166136e-8,1.1070842550155022,85,1.3562265336819458e-8,1.5634478490635038e-14
crypto.randomBytes,Y,N,Y,N,Y,256,hex,1314261.0219626438,1.6196803487773173e-8,7.608838604272506e-7,3.34629426925413e-9,0.4397904126097671,90,1.7072929945174131e-9,2.623364432215413e-16
crypto.randomBytes,Y,N,Y,Y,Y,256,hex,1320407.0400358436,2.7250217222038893e-8,7.573422207540291e-7,5.568421815441819e-9,0.735258336699855,92,2.841031538490724e-9,7.42574338648305e-16
crypto.randomBytes,Y,N,Y,N,N,256,hex,597488.9555286837,1.6571129362491253e-7,0.00000167367110428871,3.7013726912840024e-8,2.2115293033376715,77,1.8884554547367358e-8,2.746023283484198e-14
crypto.randomBytes,Y,N,Y,Y,N,256,hex,574436.4568321673,1.781321310081524e-7,0.0000017408365853286523,3.978807905791868e-8,2.2855723158188965,77,2.0300040335672794e-8,3.173105609750557e-14
crypto.randomBytes,Y,N,Y,N,Y,256,buffer,1660535.3210093982,1.3565851226838654e-8,6.02215434593782e-7,2.772102009354717e-9,0.4603173299974632,92,1.4143377598748555e-9,1.8403231950871982e-16
crypto.randomBytes,Y,N,Y,Y,Y,256,buffer,1704305.1237047645,2.6031488023600902e-8,5.867493948655342e-7,5.378161145147625e-9,0.916602759578498,90,2.7439597679324618e-9,6.776383687228772e-16
crypto.randomBytes,Y,N,Y,N,N,256,buffer,702532.8038591065,1.1238481284932404e-7,0.000001423421076577302,2.4474914798297237e-8,1.7194430517460495,81,1.2487201427702672e-8,1.2630346159177592e-14
crypto.randomBytes,Y,N,Y,Y,N,256,buffer,723549.4114969444,1.4130118627507981e-7,0.0000013820756179334176,3.115934599265898e-8,2.2545326455618078,79,1.5897625506458665e-8,1.9966025242744802e-14
crypto.randomBytes,Y,N,Y,N,Y,4096,hex,1752132.1045438335,8.00381036763837e-9,5.70733221203289e-7,1.6628683162472408e-9,0.2913564962525539,89,8.484022021669596e-10,6.406098040111545e-17
crypto.randomBytes,Y,N,Y,Y,Y,4096,hex,1762249.2803368042,1.1419262095018906e-8,5.674566085275281e-7,2.333459129812891e-9,0.4112136672208112,92,1.1905403723535157e-9,1.3039954679473556e-16
crypto.randomBytes,Y,N,Y,N,N,4096,hex,1043830.5007219223,5.055645091288977e-8,9.58009944438672e-7,1.2016505613340879e-8,1.2543195071301398,68,6.130870210888204e-9,2.5559547289074328e-15
crypto.randomBytes,Y,N,Y,Y,N,4096,hex,1058673.11576106,4.9519545997925296e-8,9.445786287688235e-7,1.0989689556244677e-8,1.1634488883756333,78,5.606984467471774e-9,2.452185435840639e-15
crypto.randomBytes,Y,N,Y,N,Y,4096,buffer,2020148.1614760738,1.1921752907776624e-8,4.950131970861602e-7,2.51968912788375e-9,0.5090145359185609,86,1.285555677491709e-9,1.421281923940804e-16
crypto.randomBytes,Y,N,Y,Y,Y,4096,buffer,2094597.5654549673,8.734049427796784e-9,4.774186776937221e-7,1.7945312293544667e-9,0.37588207441387755,91,9.155771578339116e-10,7.628361940719734e-17
crypto.randomBytes,Y,N,Y,N,N,4096,buffer,1358742.455196505,7.384383483247167e-8,7.359746478631797e-7,1.6181743771657996e-8,2.198682226166334,80,8.255991720233672e-9,5.452911942765357e-15
crypto.randomBytes,Y,N,Y,Y,N,4096,buffer,1410040.127110425,5.980961109867625e-8,7.091996750824997e-7,1.3359238006918533e-8,1.8837061657373828,77,6.815937758631905e-9,3.577189579774897e-15
crypto.randomBytes,Y,N,Y,N,Y,65536,hex,1674859.0039205882,2.765057516050043e-8,5.970651843881505e-7,5.681193018808895e-9,0.9515197280562864,91,2.898567866739232e-9,7.645543067064834e-16
crypto.randomBytes,Y,N,Y,Y,Y,65536,hex,1695844.6676452588,9.556814330168213e-9,5.896766485037429e-7,1.901881057081941e-9,0.3225294849147938,97,9.703474781030313e-10,9.133270014130851e-17
crypto.randomBytes,Y,N,Y,N,N,65536,hex,1334545.789594604,4.4033285449573136e-8,7.493186129670162e-7,9.649219114713996e-9,1.2877324742417335,80,4.923070976894896e-9,1.9389302274835894e-15
crypto.randomBytes,Y,N,Y,Y,N,65536,hex,1387674.731396009,3.856148380428197e-8,7.206299699598869e-7,8.397834250710296e-9,1.1653462388162614,81,4.284609311586886e-9,1.4869880331879008e-15
crypto.randomBytes,Y,N,Y,N,Y,65536,buffer,2012277.8179827651,8.464680876132326e-9,4.96949273635816e-7,1.6932888335315566e-9,0.34073675591534625,96,8.639228742507942e-10,7.165082233476032e-17
crypto.randomBytes,Y,N,Y,Y,Y,65536,buffer,2054544.2811480814,1.0298933837956015e-8,4.867259416970069e-7,2.202463381522857e-9,0.4525058544945851,84,1.1237058068994169e-9,1.0606803819859541e-16
crypto.randomBytes,Y,N,Y,N,N,65536,buffer,1746395.068623757,2.6706961851377025e-8,5.726081217052725e-7,5.711378132424215e-9,0.9974322605511211,84,2.913968434910314e-9,7.132618113309078e-16
crypto.randomBytes,Y,N,Y,Y,N,65536,buffer,1867343.0654358324,2.1078118655091585e-8,5.355202364845599e-7,4.562270067342173e-9,0.8519323372896873,82,2.3276888098684557e-9,4.442870860381198e-16
crypto.randomFillSync,Y,N,Y,Y,Y,,hex,436705.0425821374,5.5075737288792894e-8,0.000002289875093008379,1.1573288109298648e-8,0.5054113276586611,87,5.9047388312748205e-9,3.0333368379041317e-15
crypto.randomFillSync,Y,N,Y,Y,Y,,buffer,478035.9798509594,3.9633098308257114e-8,0.0000020918927489762946,7.969889374505571e-9,0.3809893876445521,95,4.066270089033454e-9,1.5707824815119728e-15
crypto.randomFillSync,Y,N,Y,N,Y,256,hex,1452170.5012551532,8.098919515209801e-9,6.886243723692713e-7,1.6372659413065617e-9,0.237758930267514,94,8.353397659727356e-10,6.559249731384616e-17
crypto.randomFillSync,Y,N,Y,Y,Y,256,hex,1481078.7780899566,1.3326370200557702e-8,6.751835316212078e-7,2.694039866631593e-9,0.39900852737963494,94,1.3745101360365271e-9,1.7759214272231232e-16
crypto.randomFillSync,Y,N,Y,N,Y,256,buffer,1852640.466110853,5.0135499691894776e-9,5.397701379692118e-7,1.0135320636508206e-9,0.1877710514820351,94,5.171081957402146e-10,2.513568329355981e-17
crypto.randomFillSync,Y,N,Y,Y,Y,256,buffer,1871010.1506267658,1.0701722392583316e-8,5.344706439272989e-7,2.175045157618667e-9,0.40695315679761196,93,1.1097169171523812e-9,1.145268621679192e-16
crypto.randomFillSync,Y,N,Y,N,Y,4096,hex,1800747.5863398216,8.81110499605407e-9,5.553249148219536e-7,1.8103633613771308e-9,0.32600074533979145,91,9.236547762128219e-10,7.763557125148899e-17
crypto.randomFillSync,Y,N,Y,Y,Y,4096,hex,1813812.0651477687,7.369801461850114e-9,5.513250348340424e-7,1.4978571106756792e-9,0.2716831299210924,93,7.642128115692241e-10,5.4313973587088077e-17
crypto.randomFillSync,Y,N,Y,N,Y,4096,buffer,2380610.222916351,1.2039718317228927e-8,4.2006036535244164e-7,2.446982837372986e-9,0.582531235795099,93,1.248460631312748e-9,1.4495481715821774e-16
crypto.randomFillSync,Y,N,Y,Y,Y,4096,buffer,2425831.7487452845,5.82963699348705e-9,4.1222974368161805e-7,1.197779532517663e-9,0.2905611617978632,91,6.111120063865628e-10,3.398466747583274e-17
crypto.randomFillSync,Y,N,Y,N,Y,65536,hex,1771544.0310026666,3.0851630253958945e-8,5.644793369510638e-7,6.558805109934353e-9,1.1619212043013991,85,3.346329137721609e-9,9.51823089326995e-16
crypto.randomFillSync,Y,N,Y,Y,Y,65536,hex,1667615.3603622264,1.0938080586557955e-8,5.996586645632647e-7,2.2853664842773604e-9,0.3811112253237945,88,1.1660033083047758e-9,1.1964160691803602e-16
crypto.randomFillSync,Y,N,Y,N,Y,65536,buffer,2223296.0635505775,2.3755922342208305e-8,4.4978265215970015e-7,5.173511976747586e-9,1.1502248812634674,81,2.6395469269120337e-9,5.643438463290316e-16
crypto.randomFillSync,Y,N,Y,Y,Y,65536,buffer,2324216.6922732145,6.4747483581724296e-9,4.3025248176061577e-7,1.3846478079987564e-9,0.3218221548270227,84,7.064529632646716e-10,4.192236630165657e-17
crypto.randomFill,Y,N,Y,Y,N,,hex,88263.48401351203,4.333592741120647e-7,0.000011329713654254942,9.21286492184289e-8,0.8131595557477257,85,4.700441286654536e-8,1.8780026045893564e-13
crypto.randomFill,Y,N,Y,Y,N,,buffer,88404.4914119325,6.345199681044771e-7,0.000011311642474592913,1.356943365773208e-7,1.1995988812597633,84,6.923180437618409e-8,4.0261558992330667e-13
crypto.randomFill,Y,N,Y,N,N,256,hex,612622.3167712237,1.5730960165428955e-7,0.0000016323270841167182,3.4689477386063784e-8,2.1251548003833367,79,1.769871295207336e-8,2.4746310772631257e-14
crypto.randomFill,Y,N,Y,Y,N,256,hex,580499.8288704989,1.9542276552510943e-7,0.0000017226533932761684,4.4228335422427595e-8,2.567454114394624,75,2.256547725634061e-8,3.81900572854819e-14
crypto.randomFill,Y,N,Y,N,N,256,buffer,680960.480575189,2.3151953837547524e-7,0.0000014685140012168208,5.073395574083952e-8,3.4547818882762447,80,2.5884671296346693e-8,5.3601296649593155e-14
crypto.randomFill,Y,N,Y,Y,N,256,buffer,725290.3934857202,9.075485448767956e-8,0.0000013787580932845878,1.9643506276359172e-8,1.4247246396619757,82,1.0022197079775089e-8,8.23644361307989e-15
crypto.randomFill,Y,N,Y,N,N,4096,hex,1042720.4553945642,7.18831042477127e-8,9.590298097888577e-7,1.616129281160544e-8,1.6851710600282117,76,8.245557556941551e-9,5.167180676287532e-15
crypto.randomFill,Y,N,Y,Y,N,4096,hex,1108366.1001735108,4.79929199580217e-8,9.022289655407662e-7,1.0516912283554602e-8,1.1656589053590305,80,5.365771573242144e-9,2.303320366097078e-15
crypto.randomFill,Y,N,Y,N,N,4096,buffer,1373091.8801796304,6.768784182265735e-8,7.282833832424806e-7,1.502171220217497e-8,2.0626191051201728,78,7.664138878660699e-9,4.5816439306090804e-15
crypto.randomFill,Y,N,Y,Y,N,4096,buffer,1383649.3021859208,5.0471084915538784e-8,7.227264874272528e-7,1.1129743769076197e-8,1.5399662199590383,79,5.6784406985082645e-9,2.5473304125515267e-15
crypto.randomFill,Y,N,Y,N,N,65536,hex,1366731.1016264695,3.777009367567642e-8,7.316728205057721e-7,8.17517780580592e-9,1.117326976852139,82,4.171009084594857e-9,1.4265799762693719e-15
crypto.randomFill,Y,N,Y,Y,N,65536,hex,1397643.089172003,3.916161457799244e-8,7.154902476514399e-7,8.476366648349218e-9,1.184693526735334,82,4.324676861402663e-9,1.53363205635523e-15
crypto.randomFill,Y,N,Y,N,N,65536,buffer,1759619.0399675074,2.5426142640394794e-8,5.683048303560444e-7,5.43747041974983e-9,0.9567876479851914,84,2.7742196019131784e-9,6.464887295697024e-16
crypto.randomFill,Y,N,Y,Y,N,65536,buffer,1827569.308464281,2.0432899781641447e-8,5.471748706703259e-7,4.422615157841284e-9,0.8082635725619643,82,2.2564363050210634e-9,4.1750339348660305e-16
/dev/random,Y,N,Y,Y,N,,hex,661.6912819476543,0.00028385240748048487,0.001511278790097629,0.00014116882007052315,9.34101775235022,18,0.00006690465406185932,8.057218923246723e-8
/dev/random,Y,N,Y,Y,Y,,hex,991.2484339592544,0.00003928535361707624,0.0010088288321483546,0.00003633420113937485,3.6016219978565878,7,0.000014848467976859359,1.5433390088187252e-9
/dev/random,Y,N,Y,Y,N,,buffer,647.7287614949327,0.0002429180628123042,0.0015438561006493505,0.0001077238344151849,6.977582584923292,22,0.000051790305007300426,5.900918524048257e-8
/dev/random,Y,N,Y,Y,Y,,buffer,1012.9462658475571,0.00003039537705791991,0.0009872191978152714,0.000031903180916005744,3.2316207977527065,6,0.000012408860721900327,9.238789464931239e-10
/dev/random,Y,N,Y,N,N,256,hex,1798.1621769096694,0.00008121937865507596,0.000556123364644787,0.00008524837596786133,15.329040530838348,6,0.000033157672488471926,6.5965874691166075e-9
/dev/random,Y,N,Y,Y,N,256,hex,1735.6954765804226,0.0001507854460162621,0.0005761379305833926,0.00015826536234739616,27.470047352573708,6,0.00006155790056297011,2.2736250730323096e-8
/dev/random,Y,N,Y,Y,Y,256,hex,2574.5268037140477,0.000017410739791671195,0.0003884208929413305,0.000014558055693585303,3.7480104593097265,8,0.00000615562608608258,3.031338600932827e-10
/dev/random,Y,N,Y,N,N,256,buffer,1782.7784162474768,0.000035621877284077736,0.0005609222048497051,0.000029785366941141772,5.310070930267869,8,0.000012594235493083201,1.2689181412418934e-9
/dev/random,Y,N,Y,Y,N,256,buffer,1824.9777073605887,0.000037571083518592856,0.0005479518987912846,0.00003943484801718257,7.19677185245111,6,0.000015338330617340554,1.4115863167610798e-9
/dev/random,Y,N,Y,Y,Y,256,buffer,2587.8638283673445,0.00002479975038584988,0.00038641909556380686,0.000022936769960346872,5.935723731996437,7,0.000009373424585348128,6.150276192004612e-10
/dev/random,Y,N,Y,N,N,4096,hex,28041.63187352119,0.000002542140351996383,0.00003566126267224369,0.0000019540585505678867,5.4794990534331065,9,8.473801173321278e-7,6.462477569248294e-12
/dev/random,Y,N,Y,Y,N,4096,hex,27686.121263848127,0.0000014679943182694894,0.000036119180092798914,0.0000015408161652403947,4.265922319614302,6,5.993061708441831e-7,2.1550073184715027e-12
/dev/random,Y,N,Y,Y,Y,4096,hex,30440.96214054045,2.1560802099765706e-7,0.000032850472839300536,7.356377624501728e-8,0.223935212758976,33,3.753253890051902e-8,4.648681871852612e-14
/dev/random,Y,N,Y,N,N,4096,buffer,29121.96835594638,0.0000018289907734450473,0.00003433833825301205,0.00000152931752823071,4.453673666332887,8,6.466458893153107e-7,3.3452072493471122e-12
/dev/random,Y,N,Y,Y,N,4096,buffer,28713.32966977041,0.0000016432716147020363,0.000034827030215614696,0.0000017247883294251082,4.95244159133557,6,6.708628274698981e-7,2.700341599685438e-12
/dev/random,Y,N,Y,Y,Y,4096,buffer,34333.03281331082,0.000009634469668626796,0.000029126468536513988,0.0000032872059567300103,11.285974997652223,33,0.0000016771458962908216,9.282300579568974e-11
/dev/random,Y,N,Y,N,N,65536,hex,384032.2922025809,7.0746291668801e-7,0.0000026039476895669232,2.858144795273456e-7,10.976198971757416,26,1.3874489297443961e-7,5.005037784887061e-13
/dev/random,Y,N,Y,Y,N,65536,hex,217.80147166100815,0.023397857145275282,0.0045913372043528975,0.009452716466524269,205.88155576032307,26,0.0045886973138467325,0.0005474597189907097
/dev/random,Y,N,Y,Y,Y,65536,hex,392491.9928349271,3.049814447948163e-7,0.0000025478226772910917,1.7606099454359351e-7,6.910253060891424,14,8.150971969610811e-8,9.301368166913357e-14
/dev/random,Y,N,Y,N,N,65536,buffer,412224.2170114438,3.3692100349196003e-7,0.000002425864271754415,1.5768207125284914e-7,6.500036835894843,20,7.533782668554666e-8,1.1351576259402934e-13
/dev/random,Y,N,Y,Y,N,65536,buffer,174.67420167358478,0.026223876058885813,0.005724943869322551,0.011937174440795123,208.51164156842086,21,0.005722518907380213,0.0006876916755518045
/dev/random,Y,N,Y,Y,Y,65536,buffer,425139.62317008566,3.556667504406517e-7,0.0000023521684300875664,1.8948146129725717e-7,8.05560770536331,16,8.891668761016293e-8,1.2649883736901282e-13
/dev/urandom,Y,Y,Y,Y,N,,hex,90491.30422721287,5.85473825876016e-7,0.000011050785581442382,1.2672334541400016e-7,1.146736080254847,82,6.465476806836743e-8,3.4277960078589953e-13
/dev/urandom,Y,Y,Y,Y,Y,,hex,767669.0427269868,1.6969801899144454e-8,0.0000013026446871528194,3.5456144428841878e-9,0.2721858445247883,88,1.8089869606551978e-9,2.879741764962067e-16
/dev/urandom,Y,Y,Y,Y,N,,buffer,95577.93239960907,4.750285428259818e-7,0.000010462666170879527,1.0345066043765826e-7,0.9887600230005412,81,5.2780949202886865e-8,2.256521164993756e-13
/dev/urandom,Y,Y,Y,Y,Y,,buffer,859321.5080814615,1.837316219543808e-8,0.000001163708798855297,3.714292090469403e-9,0.31917710806372124,94,1.895046984933369e-9,3.37573089059875e-16
/dev/urandom,Y,Y,Y,N,N,256,hex,724481.0656814958,1.2473424799406215e-7,0.0000013802983229925166,2.768180997749474e-8,2.0054947192488055,78,1.4123372437497316e-8,1.5558632622644198e-14
/dev/urandom,Y,Y,Y,Y,N,256,hex,731659.3721785173,1.0919449160791266e-7,0.0000013667562229436055,2.4079266665742835e-8,1.7617821131176503,79,1.228534013558308e-8,1.1923436997510507e-14
/dev/urandom,Y,Y,Y,Y,Y,256,hex,2189163.549055582,7.32937972634446e-9,4.5679547351837003e-7,1.5227488864505977e-9,0.33335463565826257,89,7.769126971686723e-10,5.371980717294919e-17
/dev/urandom,Y,Y,Y,N,N,256,buffer,840939.3025738595,1.0132396809711911e-7,0.0000011891464662661195,2.2631998114510288e-8,1.903213671026918,77,1.1546937813525658e-8,1.026654651094601e-14
/dev/urandom,Y,Y,Y,Y,N,256,buffer,842065.8989664941,8.519310954184561e-8,0.0000011875555122554489,1.866876324671497e-8,1.5720328905937684,80,9.524879207507637e-9,7.257865913408906e-15
/dev/urandom,Y,Y,Y,Y,Y,256,buffer,3209936.661927542,5.509875843424612e-9,3.1153262675267483e-7,1.1022047229356544e-9,0.3538007349100846,96,5.623493484365584e-10,3.0358731809954076e-17
/dev/urandom,Y,Y,Y,N,N,4096,hex,1442515.2961236846,4.794445399494846e-8,6.932335502349208e-7,1.0377375274115364e-8,1.4969522566527127,82,5.294579221487431e-9,2.2986706688737297e-15
/dev/urandom,Y,Y,Y,Y,N,4096,hex,1491618.3567758985,4.492212543808507e-8,6.704127737885171e-7,9.906102603597054e-9,1.4776124487630886,79,5.054133981427068e-9,2.0179973538750498e-15
/dev/urandom,Y,Y,Y,Y,Y,4096,hex,2385100.163925019,1.500367524199765e-8,4.192696034846431e-7,3.171060302793218e-9,0.7563296448008225,86,1.6178879095883764e-9,2.2511027076733326e-16
/dev/urandom,Y,Y,Y,N,N,4096,buffer,1991035.1794839858,2.7767392464502283e-8,5.022512963629145e-7,6.242871185517383e-9,1.2429776151352006,76,3.1851383599578487e-9,7.710280842776982e-16
/dev/urandom,Y,Y,Y,Y,N,4096,buffer,2112026.105695658,3.1508912130223957e-8,4.7347899597605616e-7,6.948257978575016e-9,1.4674902239858576,79,3.5450295809056204e-9,9.928115436301744e-16
/dev/urandom,Y,Y,Y,Y,Y,4096,buffer,4133550.6350183394,3.804176261219509e-9,2.419227652682579e-7,8.184226806788885e-10,0.3382991591433631,83,4.175625921831064e-10,1.4471757026426043e-17
/dev/urandom,Y,Y,Y,N,N,65536,hex,1702854.8519982912,2.9635678506291996e-8,5.872491121756533e-7,6.414517879278173e-9,1.0922992893958625,82,3.2727132037133537e-9,8.782734405282974e-16
/dev/urandom,Y,Y,Y,Y,N,65536,hex,1759250.1906827495,3.0821874064766094e-8,5.684239827263619e-7,6.630954788500379e-9,1.1665508476077981,83,3.3831401982144794e-9,9.499879208643007e-16
/dev/urandom,Y,Y,Y,Y,Y,65536,hex,2724804.027809898,5.280062799009304e-9,3.6699887030179013e-7,1.1717847938472554e-9,0.3192883926001392,78,5.978493846159467e-10,2.787906316148197e-17
/dev/urandom,Y,Y,Y,N,N,65536,buffer,2349049.7384604667,2.4681021694464368e-8,4.257040554004555e-7,5.309824400881454e-9,1.2473041620161582,83,2.7090940820823744e-9,6.091528318826208e-16
/dev/urandom,Y,Y,Y,Y,N,65536,buffer,2459498.7827472636,2.136824569521573e-8,4.0658690584225397e-7,4.625066844063288e-9,1.1375346273098386,82,2.359727981664943e-9,4.566019240911055e-16
/dev/urandom,Y,Y,Y,Y,Y,65536,buffer,3893423.315121648,3.178504245503555e-9,2.568433789657818e-7,6.965204528523276e-10,0.2711848970594341,80,3.5536757798588144e-10,1.0102889238684121e-17
uuid-1345/v1,Y,Y,N,N,Y,,uuid,11195.203911678282,0.000008809915975914637,0.00008932396478789007,0.0000018729163238790744,2.096768015533712,85,9.555695529995278e-7,7.761461950267597e-11
uuid-1345/v1,Y,Y,N,N,Y,,hex,10750.062708643003,0.000010286397869515687,0.00009302271317878029,0.000002212994546209557,2.37898301456377,83,0.0000011290788501069168,1.0580998112997687e-10
uuid-1345/v1,Y,Y,N,N,Y,,buffer,11214.836382487932,0.000009915109771661585,0.00008916759602141936,0.0000021078715160470037,2.363943416777393,85,0.0000010754446510443896,9.830940178409903e-11
uuid-1345/v4,Y,N,Y,N,Y,,uuid,356196.1284834817,4.033798080756376e-7,0.000002807442080455892,8.287995950411576e-8,2.9521520704233772,91,4.2285693624548855e-8,1.6271526956313821e-13
uuid-1345/v4,Y,N,Y,N,Y,,hex,383376.55160045903,8.018637667506067e-8,0.000002608401572358456,1.675387709010207e-8,0.6423043624741265,88,8.547896474541872e-9,6.4298550042747134e-15
uuid-1345/v4,Y,N,Y,N,Y,,buffer,409581.5840085447,2.740310542222557e-7,0.0000024415160227983736,5.725514472259068e-8,2.3450652868117157,88,2.921180853193402e-8,7.509301867816085e-14
uuid-1345/v4fast,Y,N,N,N,Y,,uuid,4204263.233320213,1.0277830253515184e-8,2.3785380327156033e-7,2.1234217297053266e-9,0.8927423907033315,90,1.0833784335231259e-9,1.0563379472007199e-16
uuid-1345/v4fast,Y,N,N,N,Y,,hex,3899982.457464866,1.2338755431834625e-8,2.5641140977081145e-7,2.5927927351024947e-9,1.011184618274208,87,1.322853436276783e-9,1.5224488560662846e-16
uuid-1345/v4fast,Y,N,N,N,Y,,buffer,3938513.4190283935,4.9087343248393274e-8,2.539029053877627e-7,1.0141550184825528e-8,3.9942631492685226,90,5.174260298380372e-9,2.409567267185581e-15
hyperid cold start,Y,Y,N,N,Y,,other,124902.6503670882,1.7146898996676034e-7,0.000008006235232487105,3.5826165263812556e-8,0.44747829939394995,88,1.827865574684314e-8,2.9401614520220956e-14
hyperid normal,Y,Y,N,N,Y,,other,6094223.974725953,6.975839952758007e-8,1.640898011210637e-7,1.5382928934103024e-8,9.37470143117162,79,7.8484331296444e-9,4.8662343046494825e-15
cuid,Y,Y,N,N,Y,,other,165924.02567950863,9.176039799397554e-7,0.000006026854736104071,1.9064102159062166e-7,3.163192576197007,89,9.726582734215392e-8,8.41997064001279e-13
shortid,N,Y,Y,N,Y,,other,45750.492310825066,9.015073876724181e-7,0.000021857688289037037,1.8835798043460184e-7,0.861747033555579,88,9.610101042581727e-8,8.127155700279477e-13
nanoid,Y,N,Y,N,Y,,other,402906.4999473361,3.3061870938907723e-7,0.000002481965419100238,6.648469717099508e-8,2.6787116637224186,95,3.392076386275259e-8,1.0930873099809911e-13
